UID,name,modifiedResidue.position, ptmType
"""P62993""","""Growth factor receptor-bound protein 2""","[""50"", 32, ""1"", ""211"", ""6"", ""109""]","[""n6-acetyllysine"", ""S-succination"", ""S-sulfenylation"", ""S-nitrosylation"", ""S-glutathionylation"", ""n-acetylmethionine"", ""phosphothreonine""]"
"""P05412""","""Transcription factor Jun""","[""286"", ""8"", ""271"", ""93"", ""249"", ""2"", ""89"", ""91"", ""239"", ""58"", ""243"", ""63"", ""73"", ""56""]","[""phosphothreonine"", ""n6-acetyllysine"", ""phosphoserine""]"
"""Q92905""","""COP9 signalosome complex subunit 5""","[218, ""2""]","[""S-persulfidation"", ""n-acetylalanine""]"
"""Q13164""","""Mitogen-activated protein kinase 7""","[""2"", ""733"", ""720""]","[""n-acetylalanine"", ""phosphothreonine"", ""phosphoserine""]"
"""Q13153""","""Serine/threonine-protein kinase PAK 1""","[""115"", ""201"", ""230"", ""2"", ""220"", ""223"", ""149"", ""423"", ""57"", ""204"", ""199"", ""21"", ""153"", ""174"", ""131"", ""185"", ""285"", ""225"", ""229"", ""142"", ""219"", ""212"", ""84"", ""144""]","[""phosphoserine"", ""phosphotyrosine"", ""phosphothreonine"", ""n-acetylserine""]"
"""Q14684""","""Ribosomal RNA processing protein 1 homolog B""","[197, 386, 286, 583, ""652"", ""394"", ""706"", ""395"", ""728"", ""452"", ""732"", ""245"", ""735"", ""702"", ""712"", ""458"", ""736"", ""513"", ""392"", ""579"", ""350""]","[""S-sulfenylation"", ""S-nitrosylation"", ""S-glutathionylation"", ""S-carbonylation"", ""n6-acetyllysine"", ""phosphoserine"", ""phosphothreonine"", ""citrulline""]"
"""O75208""","""Ubiquinone biosynthesis protein COQ9, mitochondrial""","[153, ""175""]","[""S-nitrosylation"", ""n6-acetyllysine""]"
"""Q05513""","""Protein kinase C zeta type""","[""591"", ""560"", ""410""]","[""phosphoserine"", ""phosphothreonine""]"
"""P69479""","""Phosphoprotein""","[""271"", ""210"", ""162"", ""63""]","[""phosphoserine""]"
"""O00483""","""Cytochrome c oxidase subunit NDUFA4""","[44, ""10"", ""66""]","[""S-sulfenylation"", ""S-glutathionylation"", ""S-carbonylation"", ""S-nitrosylation"", ""n6-acetyllysine"", ""phosphoserine""]"
"""P41743""","""Protein kinase C iota type""","[595, 78, 414, ""265"", ""8"", ""9"", ""2"", ""412"", ""7"", ""280"", ""3"", ""334"", ""564""]","[""S-nitrosylation"", ""phosphotyrosine"", ""phosphoserine"", ""phosphothreonine"", ""n-acetylproline""]"
"""P19838""","""Nuclear factor NF-kappa-B p105 subunit""","[""927"", 261, 925, ""907"", ""932"", ""441"", ""431"", ""943"", ""892"", ""449"", ""937"", ""61"", ""337"", ""903"", ""440"", ""678"", ""759""]","[""phosphoserine"", ""S-nitrosylation"", ""n6-acetyllysine"", ""phosphothreonine"", ""s-nitrosocysteine"", ""(3s)-3-hydroxyasparagine""]"
"""Q99558""","""Mitogen-activated protein kinase kinase kinase 14""","[""559""]","[""phosphothreonine""]"
"""Q5S007""","""Leucine-rich repeat serine/threonine-protein kinase 2""","[""1292"", ""973"", ""935"", ""910"", ""955"", ""1444""]","[""phosphoserine""]"
"""P35610""","""Sterol O-acyltransferase 1""","[92, 345, 528, ""1"", ""8""]","[""S-nitrosylation"", ""n-acetylmethionine"", ""phosphoserine""]"
"""P21796""","""Voltage-dependent anion-selective channel protein 1""","[127, 232, ""2"", ""20"", ""266"", ""193"", ""67"", ""107"", ""252"", ""109"", ""240"", ""19"", ""13""]","[""S-sulfinylation"", ""S-persulfidation"", ""S-nitrosylation"", ""S-glutathionylation"", ""S-sulfenylation"", ""n-acetylalanine"", ""n6-acetyllysine"", ""phosphoserine"", ""phosphotyrosine"", ""phosphothreonine"", ""n6-succinyllysine""]"
"""P20333""","""Tumor necrosis factor receptor superfamily member 1B""","[""330""]","[""phosphoserine""]"